Fiscal Year,Title,Funding Opportunity,Awardee,State,Award Number,Award Amount,Award Status
2024,A Combined Molecular Analysis of Pollen Utilizing Lipid Profiling & DNA Barcoding for Plant Species Identification: A Forensic Application,NIJ FY24 Graduate Research Fellowship,THE UNIVERSITY OF CENTRAL FLORIDA BOARD OF TRUSTEES,FL,15PNIJ-24-GG-01571-RESS,"$120,000",Open
2024,A Comparative Evaluation of the MinION and MiSeq Sequencing Platforms for the Analysis of Human Hand Microbial Profiles for Forensic Investigations.,NIJ FY24 Research and Development in Forensic Science for Criminal Justice Purposes,FLORIDA INTERNATIONAL UNIVERSITY,FL,15PNIJ-24-GG-03842-SLFO,"$487,790",Open
2024,A Comprehensive Evaluation and Error Rate Assessment of Field Colorimetric Testing for Seized Drugs,NIJ FY24 Research and Development in Forensic Science for Criminal Justice Purposes,RESEARCH TRIANGLE INSTITUTE,NC,15PNIJ-24-GG-03851-SLFO,"$499,902",Open
2024,A Focused Deterrence Program for Juveniles with Firearm Offenses: a Randomized Controlled Trial and Process Evaluation,NIJ FY24 Research and Evaluation on Youth Justice Topics,FLORIDA STATE UNIVERSITY,FL,15PNIJ-24-GG-03092-MUMU,"$1,255,241",Open
2024,A Multi-District Analysis of School Safety in School Districts Awarded STOP School Violence Grants in Fiscal Years 2018–2023,NIJ FY24 Research and Evaluation on School Safety,RESEARCH TRIANGLE INSTITUTE,NC,15PNIJ-24-GK-01051-STOP,"$933,524",Open
2024,"A Multi-Method Genetic, Craniometric, and Isotopic Approach to Estimating Geographic Origin of Unidentified Latinx Remains",NIJ FY24 Graduate Research Fellowship,TEXAS STATE UNIVERSITY,TX,15PNIJ-24-GG-01578-RESS,"$180,000",Open
2024,A National Review of Multidisciplinary Teams addressing Child Sexual Exploitation,NIJ FY24 Research on Multidisciplinary Teams,UNIVERSITY OF NEBRASKA,NE,15PNIJ-24-GG-01653-MUMU,"$1,499,977",Open
2024,A Pilot Study: Behavioral Response and Community Engagement (BRACE) Team,NIJ FY24 Field-Initiated Action Research Partnerships,UNIVERSITY OF SOUTH FLORIDA,FL,15PNIJ-24-GG-05448-NIJB,"$399,995",Open
2024,A Statewide Assessment of the Impact of Virtual Check-Ins for Community Supervision,NIJ FY24 Research and Evaluation on Corrections,RESEARCH TRIANGLE INSTITUTE,NC,15PNIJ-24-GG-01083-FSAX,"$1,157,850",Open
2024,A Study of a Statewide Safe Firearms Storage Message Campaign in Texas Schools,NIJ FY24 Research and Evaluation on Firearm Violence and Mass Shootings,WESTED,CA,15PNIJ-24-GG-02407-STOP,"$846,618",Open
2024,A Universal Method for the Detection of Gunshot Residue using Vibrational Spectroscopy,NIJ FY24 Research and Development in Forensic Science for Criminal Justice Purposes,"RESEARCH FOUNDATION FOR THE STATE UNIVERSITY OF NEW YORK, THE",NY,15PNIJ-24-GG-03857-NIJB,"$556,572",Open
2024,ABCD Social Development (ABCD-SD),NIJ FY24 Invited to Apply – Adolescent Brain Cognitive Development: Social Development Sub-study (ABCD-SD),UNIVERSITY OF PITTSBURGH - OF THE COMMONWEALTH SYSTEM OF HIGHER EDUCATION,PA,2017-MU-CX-0044,"$1,800,000",Open
2024,Advancing Denver’s Handgun Intervention Program through Action Research,NIJ FY24 Field-Initiated Action Research Partnerships,UNIVERSITY OF DENVER,CO,15PNIJ-24-GG-05450-NIJB,"$425,000",Open
2024,Advancing New Psychoactive Substance Detection by Performance Comparison of High-Resolution Mass Spectrometry Techniques,NIJ FY24 Graduate Research Fellowship,FLORIDA INTERNATIONAL UNIVERSITY,FL,15PNIJ-24-GG-01569-RESS,"$119,881",Open
2024,Age estimation from epigenetic features of hair DNA,NIJ FY24 Research and Development in Forensic Science for Criminal Justice Purposes,UNIVERSITY OF CALIFORNIA SANTA CRUZ,CA,15PNIJ-24-GG-03843-SLFO,"$640,358",Open
2024,American Association for the Advancement of Science (AAAS) Science & Technology Policy Fellowships 2024-25,NIJ FY24 Invited to Apply - American Association for the Advancement of Science (AAAS) Science & Technology Policy Fellowships (STPF),AMERICAN ASSOCIATION FOR THE ADVANCEMENT OF SCIENCE,DC,15PNIJ-24-GG-01170-RESS,"$315,000",Open
2024,An Evaluation of Active Bystandership for Law Enforcement (ABLE) Training: A Multi-Method Approach to Measuring Effectiveness,NIJ FY24 Research and Evaluation of Policing Practices,THE CNA CORPORATION,VA,15PNIJ-24-GG-02575-RESS,"$1,001,561",Open
2024,Assessing the Implementation and Impact of Restorative Practices within a Multicomponent School Safety Approach,NIJ FY24 Research and Evaluation on School Safety,THE URBAN INSTITUTE,DC,15PNIJ-24-GG-01055-STOP,"$1,083,944",Open
2024,Assessing Transgender Hate Crime Victimization and LGBTQ Liaison Unit Response,NIJ FY24 Research and Evaluation on Hate Crimes,THE CNA CORPORATION,VA,15PNIJ-24-GG-01915-RESS,"$694,620",Open
2024,Attribution of tire marks via their elemental profile,NIJ FY24 Research and Development in Forensic Science for Criminal Justice Purposes,THE UNIVERSITY OF CENTRAL FLORIDA BOARD OF TRUSTEES,FL,15PNIJ-24-GG-03849-NIJB,"$299,344",Open
2024,"Bail, Bias and Bargaining: Investigating Racial Dynamics in Plea Negotiations across Local Court Communities","NIJ FY24 Research and Evaluation on the Administration of Justice: Prosecution Practice, Justice, Case Tracking, and Workforce","UNIVERSITY OF MARYLAND, COLLEGE PARK",MD,15PNIJ-24-GG-01796-RESS,"$699,257",Open
2024,Best Practices for Forensic Laboratories Adopting Probabilistic Genotyping Systems,NIJ FY24 Invited to Apply – Forensic Science for Criminal Justice Purposes Program,"NOBLIS, INC.",VA,15PNIJ-24-GG-03877-NIJB,"$500,000",Open
2024,Black Box Evaluation of Hand Detail Image Comparisons,NIJ FY24 Research and Development in Forensic Science for Criminal Justice Purposes,"NOBLIS, INC.",VA,15PNIJ-24-GG-03846-NIJB,"$746,866",Open
2024,Building the Capacity of Community-Facing Agencies to Implement Evidence-Based Practices,NIJ FY24 Evaluating Strategies to Advance the Implementation of Evidence-Based Policies and Practices,THE URBAN INSTITUTE,DC,15PNIJ-24-GG-02871-NIJB,"$365,675",Open
2024,Characterizing and Preventing Domestic Terrorism: A Mixed-Methods Study of Five Far-Right Terrorist Groups,NIJ FY24 Domestic Radicalization and Violent Extremism - Invited to Apply,"DEVELOPMENT SERVICES GROUP, INC",MD,2020-ZA-CX-0003,"$127,590",Open
2024,Child-Friendly Visits in Jail,NIJ FY24 Graduate Research Fellowship,UNIVERSITY OF WISCONSIN SYSTEM,WI,15PNIJ-24-GG-01570-RESS,"$119,999",Open
2024,Collaborative Strategies in Safeguarding Children: A Community-Centric Approach to Overdose Response,NIJ FY24 Research on Law Enforcement Responses to Opioid Overdoses,"OHIO STATE UNIVERSITY, THE",OH,15PNIJ-24-GG-00752-MUMU,"$985,527",Open
2024,Criminal Justice Technology Testing and Evaluation Center,NIJ FY24 Invited to Apply - Criminal Justice Technology Testing and Evaluation Center,RESEARCH TRIANGLE INSTITUTE,NC,15PNIJ-23-GK-00931-NIJB,"$3,150,000",Open
2024,Data-driven Prosecution Practices: Exploring the Implementation and Impact of Plea Tracking,"NIJ FY24 Research and Evaluation on the Administration of Justice: Prosecution Practice, Justice, Case Tracking, and Workforce",RESEARCH TRIANGLE INSTITUTE,NC,15PNIJ-24-GG-01787-RESS,"$769,955",Open
2024,Defining the Properties of Osseointegrated and Ingrowth Bone Around Orthopedic Medical Devices and Their Effect on Fracture Risk in Elderly Populations:  A Forensic Anthropological Perspective,NIJ FY24 Graduate Research Fellowship,TEXAS STATE UNIVERSITY,TX,15PNIJ-24-GG-01583-RESS,"$180,000",Open
2024,Development of double casts for the validation of three-dimensional imaging systems for firearm forensics,NIJ FY24 Research and Evaluation for the Testing and Interpretation of Physical Evidence in Publicly Funded Forensic Laboratories,UNIVERSITY OF CENTRAL OKLAHOMA,OK,15PNIJ-24-GG-01553-RESS,"$205,090",Open
2024,"Development of new cocaine hair testing guidelines: investigation of decontamination protocols, damage/adulteration evaluation, and cosmetic treatment impact",NIJ FY24 Research and Development in Forensic Science for Criminal Justice Purposes,RESEARCH FOUNDATION OF THE CITY UNIVERSITY OF NEW YORK,NY,15PNIJ-24-GG-03852-SLFO,"$185,870",Open
2024,Dialogue that Works: Examining Police Communication Strategies and Citizen Compliance,NIJ FY24 Field-Initiated Action Research Partnerships,ARIZONA STATE UNIVERSITY,AZ,15PNIJ-24-GG-05458-NIJB,"$399,881",Open
2024,Differentiation of Hemp and Marijuana Through Ion Complexation with Copper Phosphine Complexes,NIJ FY24 Research and Development in Forensic Science for Criminal Justice Purposes,SAM HOUSTON STATE UNIVERSITY,TX,15PNIJ-24-GG-03858-RESD,"$216,763",Open
2024,Disaggregated Estimates of the Prevalence of Trafficking in Humans (DEPTH),NIJ FY24 Research and Evaluation on Trafficking in Persons,COLORADO MESA UNIVERSITY,CO,15PNIJ-24-GG-01747-HT,"$2,495,790",Open
2024,DNA mixture interpretation of SNP sequencing data for investigative genetic genealogy,NIJ FY24 Graduate Research Fellowship,THE REGENTS OF THE UNIV. OF COLORADO,CO,15PNIJ-24-GG-01568-RESS,"$120,000",Open
2024,Does Training Police Officers In Brazilian Jiu-Jitsu Improve Use Of Force Outcomes? An Experimental Evaluation With Systematic Social Observation in the Colorado Springs Police Department,NIJ FY24 Research and Evaluation of Policing Practices,POLICE EXECUTIVE RESEARCH FORUM,DC,15PNIJ-24-GG-02567-RESS,"$1,325,889",Open
2024,Droplet digital PCR: assessing the increased performance for DNA quantification in forensic science,NIJ FY24 Research and Development in Forensic Science for Criminal Justice Purposes,NORTH CAROLINA STATE UNIVERSITY,NC,15PNIJ-24-GG-03854-SLFO,"$422,235",Open
2024,Early Intervention for Victims of Crime: Evaluation of Skills for Psychological Recovery,NIJ FY24 Research and Evaluation of Services for Victims of Crime,THE MEDICAL UNIVERSITY OF SOUTH CAROLINA,SC,15PNIJ-24-GG-01743-NONF,"$741,523",Open
2024,Effects of insects and soils on the assembly of universal microbial decomposers and prediction of postmortem interval,NIJ FY24 Research and Development in Forensic Science for Criminal Justice Purposes,COLORADO STATE UNIVERSITY,CO,15PNIJ-24-GG-03839-RESD,"$481,616",Open
2024,Enhancing Equitable Forensic Identification:  An Evaluation of Pelvic Morphology for Parity Detection and Age Estimation in Unidentified Skeletal Remains,NIJ FY24 Graduate Research Fellowship,TEXAS STATE UNIVERSITY,TX,15PNIJ-24-GG-01579-RESS,"$180,000",Open
2024,Enhancing Risk-Need-Responsivity Implementation: An Evidence-based System for Case Management Support,NIJ FY24 Evaluating Strategies to Advance the Implementation of Evidence-Based Policies and Practices,UNIVERSITY OF MASSACHUSETTS MEDICAL SCHOOL,MA,15PNIJ-24-GG-02870-MUMU,"$1,445,599",Open
2024,Enhancing the evidentiary value of textile fibers with a combination of fluorescence microscopy and micro spectrophotometry,NIJ FY24 Research and Development in Forensic Science for Criminal Justice Purposes,THE UNIVERSITY OF CENTRAL FLORIDA BOARD OF TRUSTEES,FL,15PNIJ-24-GG-03850-NIJB,"$412,786",Open
2024,"Establishing Police-Led Science in the Wauwatosa, WI Police Department",NIJ FY24 Field-Initiated Action Research Partnerships,NORTHEASTERN UNIVERSITY,MA,15PNIJ-24-GG-05456-NIJB,"$398,884",Open
2024,"Evaluating the Effectiveness of a Community-led, School-based Secure Firearm Storage Campaign in Michigan",NIJ FY24 Research and Evaluation on Firearm Violence and Mass Shootings,REGENTS OF THE UNIVERSITY OF MICHIGAN,MI,15PNIJ-24-GG-02403-STOP,"$998,907",Open
2024,Evaluating Virtual Reality Enhancements of an Evidence-based Multi-tiered Aggression & Bullying Prevention Program,NIJ FY24 Research and Evaluation on School Safety,THE CHILDREN'S HOSPITAL OF PHILADELPHIA,PA,15PNIJ-24-GG-01052-STOP,"$2,335,668",Open
2024,"Evaluation of Community-Based Violence Intervention and Prevention Initiatives (CVIPI) in New Haven, CT",NIJ FY24 Community-Based Violence Intervention and Prevention Initiative (CVIPI) Research and Evaluation,"UNIVERSITY OF NEW HAVEN, INCORPORATED",CT,15PNIJ-24-GG-02986-CVIP,"$788,241",Open
2024,Evaluation of the Chattanooga United to Reduce Violence (CURV) Initiative,NIJ FY24 Community-Based Violence Intervention and Prevention Initiative (CVIPI) Research and Evaluation,RESEARCH TRIANGLE INSTITUTE,NC,15PNIJ-24-GG-02985-MUMU,"$998,491",Open
2024,Evaluation of the Kings Against Violence Initiative's (KAVI) Hospital-Based Violence Intervention Program (HVIP),NIJ FY24 Research and Evaluation of Services for Victims of Crime,MDRC,NY,15PNIJ-24-GG-01745-NONF,"$1,105,591",Open
2024,Expansion of University of South Florida's BRIGHT Project to Combat Human Trafficking,NIJ FY24 Invited to Apply - Byrne Discretionary Community Project Grants/Byrne Discretionary Grants Program,UNIVERSITY OF SOUTH FLORIDA,FL,15PNIJ-24-GG-00120-BRND,"$1,850,000",Open
2024,Expert Algorithm to Identify Seized Drugs from Tandem Mass Spectra,NIJ FY24 Research and Development in Forensic Science for Criminal Justice Purposes,WEST VIRGINIA UNIVERSITY RESEARCH CORPORATION,WV,15PNIJ-24-GG-03856-RESS,"$399,300",Open
2024,"Exploring the Intersection of Human Trafficking, Drug Trafficking, and Other Criminal Activity in the United States","NIJ FY24 Research and Evaluation on Drugs and Crime: Money Laundering, Firearms, and Human Trafficking",NATIONAL OPINION RESEARCH CENTER,IL,15PNIJ-24-GG-01904-RESS,"$649,895",Open
2024,Exploring the Nexus of Human Trafficking and Drug Trafficking in a Border County,"NIJ FY24 Research and Evaluation on Drugs and Crime: Money Laundering, Firearms, and Human Trafficking",UNIVERSITY OF MASSACHUSETTS LOWELL,MA,15PNIJ-24-GG-01907-RESS,"$649,732",Open
2024,Facility Exposure and Crime in New York City Streets: A Latent Profile Analysis Approach,NIJ FY24 Graduate Research Fellowship,RESEARCH FOUNDATION OF THE CITY UNIVERSITY OF NEW YORK,NY,15PNIJ-24-GG-01566-RESS,"$37,158",Open
2024,"FBI Subaward to the NIST project ""Identifying Class and Individual Characteristics of Printer Marks on Additively Manufactured Firearm Components""",NIJ FY24 Research and Development in Forensic Science for Criminal Justice Purposes,Federal Bureau of Investigation,,GRANT14110035-B,"$130,000",Open
2024,FIU - Forensic Technology Center of Excellence,NIJ FY24 Invited to Apply - Forensic Technology Center of Excellence (FTCOE),FLORIDA INTERNATIONAL UNIVERSITY,FL,15PNIJ-21-GK-02191-RESS,"$350,000",Open
2024,"Forensic Technology Center of Excellence, Fiscal Year 2021",NIJ FY24 Invited to Apply - Forensic Technology Center of Excellence (FTCOE),RESEARCH TRIANGLE INSTITUTE,NC,15PNIJ-21-GK-02192-MUMU,"$2,250,000",Open
2024,Fraud Narratives: The ecology of skepticism towards Latino immigrants,NIJ FY24 Graduate Research Fellowship,UNIVERSITY OF CALIFORNIA IRVINE,CA,15PNIJ-24-GG-01581-RESS,"$120,000",Open
2024,"Funding Support for the Operations of the Committee on Law and Justice of the National Academies of Sciences, Engineering, and Medicine","NIJ FY24 Invited to Apply - Funding for Support for the Operations of the Committee on Law and Justice of the National Academies of Sciences, Engineering and Medicine",NATIONAL ACADEMY OF SCIENCES,DC,15PNIJ-23-GG-03573-NIJB,"$500,000",Open
2024,FUSE: Fast Unbiased Small-area Estimation for Timely Measurement of Community Perceptions of Policing and Public Safety,NIJ FY24 Measurement of Community Perceptions,IOWA STATE UNIVERSITY OF SCIENCE AND TECHNOLOGY,IA,15PNIJ-24-GG-02841-RESS,"$499,658",Open
2024,Guiding Interpretation: Leveraging High-Density SNP Data from Major U.S. Populations for Forensic Genetic Analyses,NIJ FY24 Research and Development in Forensic Science for Criminal Justice Purposes,Armed Forces DNA Identification Laboratory,,DJO-NIJ-25-RO-0002,"$990,468",Open
2024,Harnessing Artificial Intelligence to Evaluate Microscopic Characteristics of Skeletal Trauma,NIJ FY24 Research and Development in Forensic Science for Criminal Justice Purposes,MAYO CLINIC ARIZONA,AZ,15PNIJ-24-GG-03844-MUMU,"$691,362",Open
2024,"Heal Our Youth: A Mixed Methods, Hybrid Effectiveness Implementation Trial for Reducing Community Violence Among Youth in Limited-Opportunity Settings",NIJ FY24 Community-Based Violence Intervention and Prevention Initiative (CVIPI) Research and Evaluation,"MOSES-WEITZMAN HEALTH SYSTEM, INC.",CT,15PNIJ-24-GG-02987-CVIP,"$1,000,000",Open
2024,How to Free a Butterfly: The Impact of Fair Chance Housing Ordinances on the Housing Outcome of System-Impacted Black Individuals,NIJ FY24 Graduate Research Fellowship,"UNIVERSITY OF CALIFORNIA, LOS ANGELES",CA,15PNIJ-24-GG-01575-RESS,"$47,052",Open
2024,Human Trafficking Data Project,NIJ FY24 Invited to Apply - Byrne Discretionary Community Project Grants/Byrne Discretionary Grants Program,UNIVERSITY OF SOUTH FLORIDA,FL,15PNIJ-24-GG-00121-BRND,"$963,000",Open
2024,Identifying and Treating Overdose Hotspots:  A Randomized Controlled Trial of Place-Based Harm Reduction Strategies,NIJ FY24 Field-Initiated Action Research Partnerships,CINCINNATI UNIV OF,OH,15PNIJ-24-GG-05454-NIJB,"$356,130",Open
2024,Identifying Class and Individual Characteristics of Printer Marks on Additively Manufactured Firearm Components,NIJ FY24 Research and Development in Forensic Science for Criminal Justice Purposes,National Institute of Standards and Technology,,DJO-NIJ-25-RO-0001,"$389,657",Open
2024,"Impact and Outcomes of a Hospital-Based Violence Intervention Program in Columbia, SC",NIJ FY24 Community-Based Violence Intervention and Prevention Initiative (CVIPI) Research and Evaluation,UNIVERSITY OF SOUTH CAROLINA,SC,15PNIJ-24-GK-02988-CVIP,"$1,064,927",Open
2024,Improving Fire Pattern Analysis Using Non-Invasive Sensor Technologies,NIJ FY24 Research and Development in Forensic Science for Criminal Justice Purposes,JENSEN HUGHES INC,MD,15PNIJ-24-GG-03845-RESS,"$630,560",Open
2024,"Improving Measurement of Community Safety Perceptions with Enhanced Data Inclusivity and Novel Use of Small Area Estimation through Respondent Driven Sampling: A Pilot Study in Detroit, Michigan",NIJ FY24 Measurement of Community Perceptions,REGENTS OF THE UNIVERSITY OF MICHIGAN,MI,15PNIJ-24-GG-02843-RESS,"$999,999",Open
2024,Improving police-public relationships through intergroup contact: A mixed-methods evaluation of the Voices communication intervention,NIJ FY24 Graduate Research Fellowship,"UNIVERSITY OF CALIFORNIA, SANTA BARBARA",CA,15PNIJ-24-GG-01576-RESS,"$180,000",Open
2024,Improving the Data Interpretation Process in Forensic Fire Debris Analysis,NIJ FY24 Research and Development in Forensic Science for Criminal Justice Purposes,MARSHALL UNIVERSITY RESEARCH CORPORATION,WV,15PNIJ-24-GG-03847-NIJB,"$179,968",Past Project Period End Date
2024,Improving the Systems Response to Victims of Human Trafficking with Substance Use Disorders in Minnesota,NIJ FY24 Field-Initiated Action Research Partnerships,RESEARCH TRIANGLE INSTITUTE,NC,15PNIJ-24-GG-05452-NIJB,"$399,969",Open
2024,Incentivized Informants and Wrongful Convictions: Understanding the Risks and Mitigating the Effects,NIJ FY24 W.E.B. Du Bois Program of Research on Reducing Racial and Ethnic Disparities in the Justice System,LIFE AFTER JUSTICE,IL,15PNIJ-24-GK-03091-MUMU,"$1,133,976",Open
2024,Infusing Evidence into Police Reform: Field Initiated Action Research with the Louisville Metro Police Department,NIJ FY24 Field-Initiated Action Research Partnerships,"OHIO STATE UNIVERSITY, THE",OH,15PNIJ-24-GG-05460-NIJB,"$403,512",Open
2024,Intelligence-Led Policing in New Jersey: Data Integration to Support the Investigation of Gun Crimes,NIJ FY24 Research and Evaluation of Policing Practices,NORTHEASTERN UNIVERSITY,MA,15PNIJ-24-GG-02572-RESS,"$877,946",Open
2024,Intergenerational Legal System Involvement Among Juvenile Justice-Involved Females and Their Offspring: Opportunities for Prevention,NIJ FY24 Longitudinal Research on Delinquency and Crime,IOWA STATE UNIVERSITY OF SCIENCE AND TECHNOLOGY,IA,15PNIJ-24-GG-00871-TITL,"$1,001,902",Open
2024,Investigations Toward Development of a Technique for Rapid Identification of Forensically Relevant Necrophagous Beetle Species for Postmortem Interval Determination,NIJ FY24 Graduate Research Fellowship,"RESEARCH FOUNDATION FOR THE STATE UNIVERSITY OF NEW YORK, THE",NY,15PNIJ-24-GG-01567-RESS,"$111,822",Open
2024,Jury Deliberations of Child Witnesses with Autism Spectrum Disorder,NIJ FY24 Graduate Research Fellowship,THE UNIVERSITY OF TEXAS AT SAN ANTONIO,TX,15PNIJ-24-GG-01572-RESS,"$180,000",Open
2024,Lead by Example: The Effects of Police Supervisors on Officer Behavior,NIJ FY24 Graduate Research Fellowship,UNIVERSITY OF ARIZONA,AZ,15PNIJ-24-GG-01582-RESS,"$39,499",Open
2024,Learning from an Implementation and Outcome Evaluation of the Colorado Threat Assessment and Management Protocol,NIJ FY24 Research and Evaluation on School Safety,THE REGENTS OF THE UNIVERSITY OF COLORADO,CO,15PNIJ-24-GG-01049-MUMU,"$1,199,320",Open
2024,Leisure Risk for Youth on Probation: How it Relates to Recidivism and How Probation Officers Address it in Case Planning,NIJ FY24 Graduate Research Fellowship,DREXEL UNIVERSITY,PA,15PNIJ-24-GG-01574-RESS,"$86,385",Open
2024,"Mass Shooter Leakage and Threats: A Multifaceted Assessment of Motives, Timing, Digital Behavior, and Opportunities for Attack Prevention",NIJ FY24 Research and Evaluation on Firearm Violence and Mass Shootings,WILLIAM PATERSON UNIVERSITY OF NEW JERSEY,NJ,15PNIJ-24-GG-02405-RESS,"$523,900",Open
2024,"More than a 'McJob': Criminal records, education, and access to middle-skill jobs",NIJ FY24 Graduate Research Fellowship,NORTHEASTERN UNIVERSITY,MA,15PNIJ-24-GG-01577-RESS,"$25,322",Open
2024,"MOSAIC: Unifying Methods of Sex, Stature, Affinity, & Age for Identification through Computational Standardization",NIJ FY24 Research and Development in Forensic Science for Criminal Justice Purposes,MICHIGAN STATE UNIVERSITY,MI,15PNIJ-24-GG-03840-NIJB,"$2,062,069",Open
2024,"Multi-level, Mixed Methods Evaluation of Elm City COMPASS: A Comprehensive Approach to 911 Crisis Response","NIJ FY24 Research and Evaluation on 911, Alternative Hotlines, and Alternative Responder Models",YALE UNIV,CT,15PNIJ-24-GG-01556-RESS,"$544,042",Open
2024,Nanoparticle-Decorated Micropillars As Integrated Raman Spectroscopy and Mass Spectrometry Substrates for Quantitative and High-Throughput Toxicology Drug Analysis,NIJ FY24 Invited to Apply – Forensic Science for Criminal Justice Purposes Program,TRUSTEES OF INDIANA UNIVERSITY,IN,15PNIJ-23-GG-04235-RESS,"$347,330",Open
2024,National Juvenile Court Data Archive,NIJ FY24 National Juvenile Court Data Archive,NATIONAL COUNCIL OF JUVENILE AND FAMILY COURT JUDGES,NV,15PNIJ-24-GG-00751-TITL,"$2,000,000",Open
2024,NIJ FY24 Domestic Radicalization and Violent Extremism Research Center of Excellence,NIJ FY24 Domestic Radicalization and Violent Extremism Research Center of Excellence,THE CNA CORPORATION,VA,15PNIJ-24-GK-00750-DOMR,"$6,998,958",Open
2024,NIJ LEADS,,NATIONAL POLICING INSTITUTE,VA,15PNIJ-23-GK-04221-NIJB,"$1,000,000",Open
2024,Non-Contact Detection of Fentanyl and Other Opioids: Towards a Generalized Approach to Detection of Dangerous Drug Classes,NIJ FY24 Research and Development in Forensic Science for Criminal Justice Purposes,Naval Research Laboratory,,GRANT14119305,"$624,483",Open
2024,"Novel Psychoactive Substance Discovery, Education, and Reporting Institute","NIJ FY24 Novel Psychoactive Substance Discovery, Education, and Reporting Institute",THE FREDRIC RIEDERS FAMILY RENAISSANCE FOUNDATION,PA,15PNIJ-24-GK-00981-COAP,"$2,000,000",Open
2024,On the reliability of the forensic examination of electrical tapes and the influence of alteration sources encountered in casework,NIJ FY24 Research and Development in Forensic Science for Criminal Justice Purposes,SAM HOUSTON STATE UNIVERSITY,TX,15PNIJ-24-GG-03853-RESD,"$216,195",Open
2024,Persistence and Desistance across Generations: A Longitudinal Investigation,NIJ FY24 Longitudinal Research on Delinquency and Crime,BOWLING GREEN STATE UNIVERSITY,OH,15PNIJ-24-GG-00872-MUMU,"$971,369",Open
2024,PRIPARE: Parole and Reduced Incarceration for People thru Access to Re-Entry,NIJ FY24 Field-Initiated Action Research Partnerships,UNIVERSITY OF NEW MEXICO,NM,15PNIJ-24-GG-05446-NIJB,"$400,000",Open
2024,"Procedural and Structural Justice Through Causal Understanding, Component Decoupling, and Relation Characterization",NIJ FY24 Graduate Research Fellowship,CARNEGIE MELLON UNIVERSITY,PA,15PNIJ-24-GG-01565-RESS,"$60,000",Open
2024,"Quantitative Evaluation of Hemp-Derived Vape Products for Accurate Labeling, Identification of Unknowns, and Stability",NIJ FY24 Research and Development in Forensic Science for Criminal Justice Purposes,National Institute of Standards and Technology,,DJO-NIJ-25-RO-0003,"$300,000",Open
2024,Quasi-experimental evaluation of contraband interdiction technologies,NIJ FY24 Research and Evaluation on Corrections,THE URBAN INSTITUTE,DC,15PNIJ-24-GG-01091-FSAX,"$849,383",Open
2024,Randomized Controlled Study of the EMPOWER Program to Prevent Abuse and Financial Exploitation of Older Adults,"NIJ FY24 Research on the Abuse, Neglect, and Financial Exploitation of Older Adults",THE URBAN INSTITUTE,DC,15PNIJ-24-GG-01910-MUMU,"$1,739,447",Open
2024,Reducing Collateral Consequences with Records Relief: Organizational Readiness for Implementing Strategies in State Courts,NIJ FY24 Evaluating Strategies to Advance the Implementation of Evidence-Based Policies and Practices,NATIONAL CENTER FOR STATE COURTS,VA,15PNIJ-24-GG-02869-NIJB,"$422,100",Open
2024,REFRAME: Research and Evaluation Framework for Reducing hArm and Measuring the Effectiveness of CVIPI Strategies,NIJ FY24 Community-Based Violence Intervention and Prevention Initiative (CVIPI) Research and Evaluation,"UNIVERSITY OF CALIFORNIA, DAVIS",CA,15PNIJ-24-GG-02984-CVIP,"$1,642,305",Open
2024,Research and Development for the Creation of Validated Protocols for the Forensic Detection and Quantification of Psilocybin and Psilocin in Complex Edible Matrices,NIJ FY24 Research and Development in Forensic Science for Criminal Justice Purposes,"RESEARCH FOUNDATION FOR THE STATE UNIVERSITY OF NEW YORK, THE",NY,15PNIJ-24-GG-03848-MUMU,"$781,087",Open
2024,Research and Development of an Approach for Non-invasive Determination of Cannabis Ingestion for Forensic Science Purposes,NIJ FY24 Invited to Apply – Forensic Science for Criminal Justice Purposes Program,"RESEARCH FOUNDATION FOR THE STATE UNIVERSITY OF NEW YORK, THE",NY,15PNIJ-23-GG-04236-RESS,"$407,064",Open
2024,"Research, Evaluation, and Analysis of Call Handling on Three-Digit Hotlines (REACH-3D)","NIJ FY24 Research and Evaluation on 911, Alternative Hotlines, and Alternative Responder Models",UNIVERSITY OF CHICAGO,IL,15PNIJ-24-GG-01559-RESS,"$935,000",Open
2024,Safe Transitions for Teens,NIJ FY24 Invited to Apply – Safe Transitions for Teens: Assessing the Impact of Intimate Partner Transitional Housing on Adolescent Residents Study,UNIVERSITY OF TEXAS HEALTH SCIENCE CENTER AT HOUSTON,TX,15PNIJ-24-AG-00117-REVA,"$842,337",Open
2024,Schoolhouse interrogations and confessions: Perspectives from principals and students,NIJ FY24 Graduate Research Fellowship,GEORGE MASON UNIVERSITY,VA,15PNIJ-24-GG-01564-RESS,"$120,741",Open
2024,"Secretariat for ISO/IEC JTC 1/SC 37, Biometrics",NIJ FY24 Invited to Apply - Operation of the Secretariat of SC 37 under JTC 1 of ISO/IEC,AMERICAN NATIONAL STANDARDS INSTITUTE INCORPORATED,DC,15PNIJ-21-GG-00662-RESS,"$60,000",Open
2024,Semi-empirical Kinetics Model for Fingerprint Aging,NIJ FY24 Research and Development in Forensic Science for Criminal Justice Purposes,IOWA STATE UNIVERSITY OF SCIENCE AND TECHNOLOGY,IA,15PNIJ-24-GG-03855-MUMU,"$399,437",Open
2024,Spatial analysis of social vulnerability and crime disparities through interpretable machine learning,NIJ FY24 Graduate Research Fellowship,UNIVERSITY OF ILLINOIS,IL,15PNIJ-24-GG-01573-RESS,"$180,000",Open
2024,Statistical Foundations of Score-Based Methods in Forensic Identification of Source Problems”,NIJ FY24 Invited to Apply – Forensic Science for Criminal Justice Purposes Program,SOUTH DAKOTA STATE UNIVERSITY,SD,15PNIJ-23-GG-04232-MUMU,"$303,714",Open
2024,Strengthening Understanding of Peer Programs to Optimize Resources & Training (SUPPORT): Identifying critical elements of police peer support across career stages,NIJ FY24 Research and Evaluation of Policing Practices,RESEARCH TRIANGLE INSTITUTE,NC,15PNIJ-24-GG-02564-MUMU,"$1,167,336",Open
2024,The Consequences and Impacts of Hate Crime and Post-Victimization Experiences: The Longitudinal Hate Crime Victimization Survey (LHCVS),NIJ FY24 Research and Evaluation on Hate Crimes,FLORIDA STATE UNIVERSITY,FL,15PNIJ-24-GG-01917-RESS,"$942,512",Open
2024,The Development of a Peer Advocacy Intervention for Survivors whose Partners are in Relationship Violence Intervention Programs.,NIJ FY24 Research and Evaluation on Violence Against Women,UNIVERSITY OF MARYLAND BALTIMORE COUNTY,MD,15PNIJ-24-GG-00986-REVA,"$838,966",Open
2024,"The Ecology of Resilience: Examining Impacts of Service Engagement, Facility Safety, and Trauma History on Positive Life Trajectories in Justice-Involved Youth",NIJ FY24 Graduate Research Fellowship,UNIVERSITY OF UTAH,UT,15PNIJ-24-GG-01580-RESS,"$88,304",Open
2024,The Impact of Processing and Sampling Procedures on the Integrity of Forensically Relevant Biomolecules in Bones,NIJ FY24 Research and Development in Forensic Science for Criminal Justice Purposes,SAM HOUSTON STATE UNIVERSITY,TX,15PNIJ-24-GG-03841-SLFO,"$823,669",Open
2024,The Impacts of School Security Equipment on Students and Schools,NIJ FY24 Research and Evaluation on School Safety,GEORGE MASON UNIVERSITY,VA,15PNIJ-24-GG-01048-STOP,"$1,706,788",Open
2024,The potential of hybridization capture to permit species identification in challenging leathers,NIJ FY24 Research and Evaluation for the Testing and Interpretation of Physical Evidence in Publicly Funded Forensic Laboratories,NORTH CAROLINA STATE UNIVERSITY,NC,15PNIJ-24-GG-01549-MUMU,"$232,857",Open
2024,"The relationship between participation in structured activities and health, safety and quality of life outcomes for prison residents and staff",NIJ FY24 Research and Evaluation on Corrections,THE CNA CORPORATION,VA,15PNIJ-24-GG-01087-FSAX,"$898,792",Open
2024,Understanding and Evaluating Police Bias Crime Unit Practice and Impact,NIJ FY24 Research and Evaluation on Hate Crimes,RESEARCH TRIANGLE INSTITUTE,NC,15PNIJ-24-GG-01913-RESS,"$908,415",Open
2024,Unwinding the Impact of Body Worn Camera Evidence on Prosecutor Workload,"NIJ FY24 Research and Evaluation on the Administration of Justice: Prosecution Practice, Justice, Case Tracking, and Workforce",THE JUSTICE MANAGEMENT INSTITUTE,VA,15PNIJ-24-GG-01793-RESS,"$612,685",Open
2024,Validating the ASB 122: Best Practice Recommendation for Performing Alcohol Calculations in Forensic Toxicology,NIJ FY24 Research and Evaluation for the Testing and Interpretation of Physical Evidence in Publicly Funded Forensic Laboratories,VIRGINIA COMMONWEALTH UNIVERSITY,VA,15PNIJ-24-GG-01546-RESS,"$676,376",Open
2024,What about us? Formative evaluation of forensic nursing program delivery of intimate partner violence medical forensic examinations,NIJ FY24 Research and Evaluation of Services for Victims of Crime,UNIVERSITY OF UTAH,UT,15PNIJ-24-GG-01741-NONF,"$575,200",Open
2023,"""Examining the Effects of Back-End Release Discretion on Prison Populations and Length of Stay: A State-by-State Analysis""",NIJ FY23 Research and Evaluation on Sentencing and Resentencing,REGENTS OF THE UNIVERSITY OF MINNESOTA,MN,15PNIJ-23-GG-04240-RESS,"$335,595",Open
2023,"21st Century Criminal Defense Practice: An Examination of the Impact of Holistic Defense in Wayne County, Michigan",NIJ FY23 Research and Evaluation on the Administration of Justice: Advancing Access to Justice 60 Years after Gideon,JUSTICE INNOVATION INC.,NY,15PNIJ-23-GG-02235-RESS,"$829,358",Open
2023,"911, What's Your Emergency?: Factors Impacting Call Coding",NIJ FY23 W.E.B. Du Bois Program of Research on Reducing Racial and Ethnic Disparities in the Justice System,UNIVERSITY OF CHICAGO,IL,15PNIJ-23-GG-01367-NIJB,"$500,000",Open
2023,A 28-year longitudinal study of victimization and perpetration of violence in high-risk youth: Advancing the development of preventive interventions in the community,"NIJ FY23 Community-Based Violence Intervention and Prevention Initiative (CVIPI) Research, Evaluation, and Associated Training & Technical Assistance Support",NORTHWESTERN UNIVERSITY,IL,15PNIJ-23-GG-04269-CVIP,"$1,000,000",Open
2023,A Frame Analysis of Violence and Accelerationism in Cognitive Radicalization,NIJ FY23 Research and Evaluation on Domestic Radicalization and Violent Extremism,YOUNGSTOWN STATE UNIVERSITY,OH,15PNIJ-23-GG-01382-DOMR,"$449,897",Open
2023,A longitudinal cohort mixed methods study of the impact of mental health on retention and turnover among early career police officers in South Carolina,"NIJ FY23 Research and Evaluation on Policing Practices, Accountability Mechanisms, and Alternatives",UNIVERSITY OF SOUTH CAROLINA,SC,15PNIJ-23-GG-05499-RESS,"$1,000,000",Open
2023,A Micro-and Macro Evaluation of the Effectiveness of Extreme Risk Protection Orders in Colorado,NIJ FY23 Research and Evaluation on Firearms Violence and Mass Shootings,THE REGENTS OF THE UNIV. OF COLORADO,CO,15PNIJ-23-GG-02401-MUMU,"$1,456,274",Open
2023,"A Mixed Methods Evaluation of the Impacts and Implementation of Florida's Risk Protection Order (RPO) Law, 2018-2023",NIJ FY23 Research and Evaluation on Firearms Violence and Mass Shootings,FLORIDA STATE UNIVERSITY,FL,15PNIJ-23-GG-02406-BSCI,"$700,224",Open
2023,A Mixed-Method Examination of the Effectiveness of Money Bail and other Pretrial Release Options,NIJ FY23 Research and Evaluation on Jails,FLORIDA STATE UNIVERSITY,FL,15PNIJ-23-GG-02233-NIJB,"$560,195",Open
2023,"A multilevel analysis of juvenile life without parole and its reform: understanding the people, places, and politics that shape policy.",NIJ FY23 Graduate Research Fellowship,NORTHWESTERN UNIVERSITY,IL,15PNIJ-23-GG-01952-TITL,"$166,500",Open
2023,A Nationwide Assessment of Jail Reentry Policies and Practices: A Two-Tiered Study of the Field,NIJ FY23 Research and Evaluation on Jails,RESEARCH TRIANGLE INSTITUTE,NC,15PNIJ-23-GG-02232-SCAX,"$599,986",Open
2023,"A Process, Adaptation, and Outcome Evaluation of San Gabriel Valley Crisis Assistance Response & Engagement (SGV CARE)","NIJ FY23 Research and Evaluation on Policing Practices, Accountability Mechanisms, and Alternatives",THE RAND CORPORATION,CA,15PNIJ-23-GG-05494-RESS,"$573,536",Open
2023,"A randomized controlled trial of Co-response for Mental Health Calls for Service to the Police in Fort Collins, CO","NIJ FY23 Research and Evaluation on Policing Practices, Accountability Mechanisms, and Alternatives",UNIVERSITY OF WYOMING,WY,15PNIJ-23-GG-05502-RESS,"$649,464",Open
2023,A Randomized Controlled Trial of the HeartMath Resilience Program: Exploring the Impact of Stress on Jail Staff Performance and Retention,NIJ FY23 Research and Evaluation on Jails,FLORIDA STATE UNIVERSITY,FL,15PNIJ-23-GG-02231-NIJB,"$498,491",Open
2023,A Statewide Mixed-methods Evaluation of Pennsylvania’s 8th Edition Sentencing Guidelines and their Impacts on Racial and Ethnic Disparities in Sentencing Outcomes,NIJ FY23 W.E.B. Du Bois Program of Research on Reducing Racial and Ethnic Disparities in the Justice System,DREXEL UNIVERSITY,PA,15PNIJ-23-GG-01365-NIJB,"$730,834",Open
2023,"A Whole Community Approach to Hate Crime Reduction: Research to Improve Prevention, Reporting, and Victim Support",NIJ FY23 Research and Evaluation on Hate Crimes,RESEARCH FOUNDATION OF THE CITY UNIVERSITY OF NEW YORK,NY,15PNIJ-23-GG-05495-HATE,"$665,999",Open
2023,AAAS Science & Technology Policy Fellowships,,AMERICAN ASSOCIATION FOR THE ADVANCEMENT OF SCIENCE,DC,2020-R2-CX-0009,"$300,000",Open
2023,ABCD Social Development (ABCD-SD),,UNIVERSITY OF PITTSBURGH - OF THE COMMONWEALTH SYSTEM OF HIGHER EDUCATION,PA,2017-MU-CX-0044,"$1,900,000",Open
2023,"Accuracy, Efficacy, and Reproducibility of Muzzle-to-Target Distance Determination using Gunshot Residue",NIJ FY23 Research and Development in Forensic Science for Criminal Justice Purposes,"NOBLIS, INC.",VA,15PNIJ-23-GG-04222-MUMU,"$872,282",Open
2023,Accurate THC Determinations in Seized Cannabis-derived Finished Products for Forensic Laboratories,"Research  and Development in Forensic Science for Criminal Justice Purposes, Fiscal Year 2021",National Institute of Standards and Technology,,DJO-NIJ-22-RO-0002,"$400,000",Open
2023,An Assessment of Dual System Data and Practices Capacity across Juvenile Justice and Child Welfare Systems,NIJ FY23 Research on Juvenile Justice Topics,CAL STATE LA UNIVERSITY AUXILIARY SERVICES INC,CA,15PNIJ-23-GG-02411-TITL,"$2,000,000",Open
2023,An Evaluability Assessment of the Not In Our Town Hate and Bias Action Teams Model,NIJ FY23 Research and Evaluation on Hate Crimes,"DEVELOPMENT SERVICES GROUP, INC",MD,15PNIJ-23-GG-05492-MUMU,"$686,997",Open
2023,An Examination of the Law Enforcement Role in Implementing Extreme Risk Protection Orders,NIJ FY23 Research and Evaluation on Firearms Violence and Mass Shootings,POLICE EXECUTIVE RESEARCH FORUM,DC,15PNIJ-23-GG-02399-BSCI,"$425,304",Open
2023,An Image Analysis Framework for Objective Color Interpretation of Seized Drug Tests,NIJ FY23 Research and Development in Forensic Science for Criminal Justice Purposes,RESEARCH TRIANGLE INSTITUTE,NC,15PNIJ-23-GG-04210-SLFO,"$392,196",Open
2023,Analytical Challenges with Proliferating THC Analogues,NIJ FY23 Research and Evaluation for the Testing and Interpretation of Physical Evidence in Publicly Funded Forensic Laboratories,VIRGINIA COMMONWEALTH UNIVERSITY,VA,15PNIJ-23-GG-01421-COAP,"$726,360",Open
2023,Assessing Solvability Factors in Missing Person Cases: A Mixed-Method Approach,NIJ FY23 Graduate Research Fellowship,BOARD OF REGENTS OF NEVADA SYSTEM OF HIGHER EDUCATION,NV,15PNIJ-23-GG-01941-RESS,"$110,998",Open
2023,Assessing the Effectiveness of the Second Chance Act Grant Program through a Phased Evaluation Approach Using an Implementation Science Mixed Methods Approach,,GEORGIA STATE UNIVERSITY RESEARCH FOUNDATION INC,GA,2020-CZ-BX-0014,"$320,000",Open
2023,Audio Deepfake Detection for Forensics and Security,NIJ FY23 Graduate Research Fellowship,UNIVERSITY OF ROCHESTER,NY,15PNIJ-23-GG-01933-RESS,"$64,003",Open
2023,Beyond Suspect Identification: Fingerprint Aging with Machine Learning and Multidimensional Chemical Analysis,NIJ FY23 Graduate Research Fellowship,IOWA STATE UNIVERSITY OF SCIENCE AND TECHNOLOGY,IA,15PNIJ-23-GG-01950-RESS,"$111,000",Open
2023,Building Better Indigent Defense Systems,NIJ FY23 Research and Evaluation on the Administration of Justice: Advancing Access to Justice 60 Years after Gideon,SOUTHERN METHODIST UNIVERSITY,TX,15PNIJ-23-GG-02234-RESS,"$800,000",Open
2023,Building Equity in Objective Prison Classification: A Model for Reducing Racial and Ethnic Disparities,NIJ FY23 W.E.B. Du Bois Program of Research on Reducing Racial and Ethnic Disparities in the Justice System,UNIVERSITY OF MASSACHUSETTS MEDICAL SCHOOL,MA,15PNIJ-23-GG-01363-NIJB,"$599,976",Open
2023,California: A Decade of Decarceration,NIJ FY23 Graduate Research Fellowship,SAM HOUSTON STATE UNIVERSITY,TX,15PNIJ-23-GG-01938-RESS,"$32,203",Closed
2023,Can Law Enforcement Training Address Racial and Ethnic Disproportionality? An Experimental Evaluation of Effective Youth Interactions,"NIJ FY23 Research and Evaluation on Policing Practices, Accountability Mechanisms, and Alternatives",UNIVERSITY OF PITTSBURGH - OF THE COMMONWEALTH SYSTEM OF HIGHER EDUCATION,PA,15PNIJ-23-GG-05491-RESS,"$999,996",Open
2023,Cannabis liberalization policies and trends in cannabis-related school-based discipline: Examining sociodemographic disparities in Massachusetts,NIJ FY23 Graduate Research Fellowship,UNIVERSITY OF MASSACHUSETTS,MA,15PNIJ-23-GG-01954-TITL,"$111,000",Open
2023,Capturing nuclear DNA from hair shafts,NIJ FY23 Research and Development in Forensic Science for Criminal Justice Purposes,GEORGE WASHINGTON UNIVERSITY (THE),DC,15PNIJ-23-GG-04209-DNAX,"$413,504",Open
2023,Caring Connections for Youth: Evaluation of a Countywide Pre-Arrest Diversion Initiative to Reduce Racial/Ethnic Disparities,NIJ FY23 Research on Juvenile Justice Topics,UNIVERSITY OF PITTSBURGH - OF THE COMMONWEALTH SYSTEM OF HIGHER EDUCATION,PA,15PNIJ-23-GG-02410-TITL,"$866,309",Open
2023,"Climate, Culture, and Correction Officer Wellness",NIJ FY23 Research and Evaluation on Correctional Culture and Climate,SUFFOLK UNIVERSITY,MA,15PNIJ-23-GG-06104-RESS,"$960,132",Open
2023,Community-Led Learning: A Collaborative Approach to Training and Technical Assistance for Violent Crime Problem Analyses,"NIJ FY23 Community-Based Violence Intervention and Prevention Initiative (CVIPI) Research, Evaluation, and Associated Training & Technical Assistance Support",RESEARCH FOUNDATION OF THE CITY UNIVERSITY OF NEW YORK,NY,15PNIJ-23-GG-04270-MUMU,"$1,991,949",Open
2023,Comparison of Examiner Conclusions with Score-based Likelihood Ratios for Cartridge Case Evidence,NIJ FY23 Research and Development in Forensic Science for Criminal Justice Purposes,National Institute of Standards and Technology,,DJO-NIJ-24-RO-0002,"$409,578",Open
2023,"Comprehensive / Holistic Public Safety Approach using research, analysis and evaluation, of problem nature codes in the City of Minneapolis for Alternative Response development.",NIJ FY 2023 Invited to Apply — Byrne Discretionary Community Project Funding/Byrne Discretionary Grants Program,CITY OF MINNEAPOLIS,MN,15PNIJ-23-GG-00271-BRND,"$2,500,000",Open
2023,Comprehensive Evaluation of Kinetic and Thermodynamic Approaches to Predict Evaporation of Ignitable Liquids for Fire Debris Applications,NIJ FY23 Research and Development in Forensic Science for Criminal Justice Purposes,MICHIGAN STATE UNIVERSITY,MI,15PNIJ-23-GG-04231-RESS,"$262,678",Open
2023,Criminal Justice Technology Testing and Evaluation Center,NIJ FY23 Criminal Justice Technology Testing and Evaluation Center,RESEARCH TRIANGLE INSTITUTE,NC,15PNIJ-23-GK-00931-NIJB,"$3,500,000",Open
2023,Data and Dashboards: Research and Enhancements to Ensure Mecklenburg County’s Criminal Justice System is a Leader in Data-Driven Decision Making,NIJ FY 2023 Invited to Apply — Byrne Discretionary Community Project Funding/Byrne Discretionary Grants Program,MECKLENBURG COUNTY,NC,15PNIJ-23-GG-00272-BRND,"$1,000,000",Open
2023,Democratizing investigative genetic genealogy,NIJ FY23 Research and Development in Forensic Science for Criminal Justice Purposes,THE UNIVERSITY OF NORTH TEXAS HEALTH SCIENCE CENTER AT FORT WORTH,TX,15PNIJ-23-GG-04213-DNAX,"$759,008",Open
2023,Developing a Portable and Fast Opioid Assessment Tool for Improved Field Decision-Making,NIJ FY23 Research and Development in Forensic Science for Criminal Justice Purposes,OAKLAND UNIVERSITY,MI,15PNIJ-23-GG-04225-RESS,"$308,002",Open
2023,Developing a Strategy to Evaluate Urban Violence Prevention and Intervention Ecosystems: A Case Study of Boston,"NIJ FY23 Community-Based Violence Intervention and Prevention Initiative (CVIPI) Research, Evaluation, and Associated Training & Technical Assistance Support",AMERICAN INSTITUTES FOR RESEARCH IN THE BEHAVIORAL SCIENCES,VA,15PNIJ-23-GG-04266-CVIP,"$983,482",Open
2023,Developing and Validating Standards for Dental Cementum Age-at-Death and Season-of-Death Estimation,NIJ FY23 Research and Development in Forensic Science for Criminal Justice Purposes,THE UNIVERSITY OF TEXAS RIO GRANDE VALLEY,TX,15PNIJ-23-GG-04229-SLFO,"$467,325",Open
2023,Development of a colorimetric breath analyzer for THC,NIJ FY 2023 Invited to Apply - Funding to Support the Research and Development in Forensic Science for Criminal Justice Purposes Program,VIRGINIA COMMONWEALTH UNIVERSITY,VA,15PNIJ-22-GG-04437-RESS,"$245,592",Past Project Period End Date
2023,Development of a Stable Matrix-Matched Standard for Molecular and Elemental Analysis of Hair in Forensic Toxicology,NIJ FY23 Graduate Research Fellowship,THE UNIVERSITY OF CENTRAL FLORIDA BOARD OF TRUSTEES,FL,15PNIJ-23-GG-01945-RESS,"$110,966",Open
2023,Development of computational methods for genetic identification and kinship analysis of forensic samples,NIJ FY23 Graduate Research Fellowship,UNIVERSITY OF CALIFORNIA SANTA CRUZ,CA,15PNIJ-23-GG-01948-RESS,"$111,000",Open
2023,Developmental Validation of a Novel Multi-analyte Recovery Method for Trace Biological Samples,NIJ FY23 Research and Development in Forensic Science for Criminal Justice Purposes,WEST VIRGINIA UNIVERSITY RESEARCH CORPORATION,WV,15PNIJ-23-GG-04207-DNAX,"$494,268",Open
2023,Domestic Terrorism Targeting America’s Political Elites,NIJ FY23 Research and Evaluation on Domestic Radicalization and Violent Extremism,UNIVERSITY OF ILLINOIS,IL,15PNIJ-23-GG-01385-DOMR,"$751,254",Open
2023,Elder Abuse Survivor Equity (EASE) Study: National Longitudinal Trajectories and Translation for Practitioners and the Public,"NIJ FY23 Research on the Abuse, Neglect, and Financial Exploitation of Older Adults",NATIONAL OPINION RESEARCH CENTER,IL,15PNIJ-23-GG-02625-MUMU,"$1,499,885",Open
2023,Empirical Analysis of Saw Mark Characteristics in Human Bone: Meeting Forensic Standards in Dismemberment Cases,NIJ FY23 Research and Development in Forensic Science for Criminal Justice Purposes,DES MOINES UNIVERSITY OSTEOPATHIC MEDICAL CENTER,IA,15PNIJ-23-GG-04215-SLFO,"$495,637",Open
2023,Evaluating Processes and Outcomes of Housing Models for Victims of Human Trafficking,NIJ FY23 Research and Evaluation on Trafficking in Persons,HARVARD COLLEGE PRESIDENT & FELLOWS OF,MA,15PNIJ-23-GK-01928-HT,"$654,195",Open
2023,Evaluating the reliability and accuracy of multiple geophysical methods in the search for clandestine graves,NIJ FY23 Research and Development in Forensic Science for Criminal Justice Purposes,UNIVERSITY OF TENNESSEE,TN,15PNIJ-23-GG-04226-SLFO,"$351,078",Open
2023,Evaluation of a Healing-Centered Community-Wide Approach to Addressing Firearm Violence in New Orleans,"NIJ FY23 Community-Based Violence Intervention and Prevention Initiative (CVIPI) Research, Evaluation, and Associated Training & Technical Assistance Support",THE ADMINISTRATORS OF TULANE EDUCATIONAL FUND,LA,15PNIJ-23-GG-04267-CVIP,"$1,250,000",Open
2023,Evaluation of cell capture and collection from bone,NIJ FY23 Graduate Research Fellowship,VIRGINIA COMMONWEALTH UNIVERSITY,VA,15PNIJ-23-GG-01944-RESS,"$55,488",Past Project Period End Date
2023,Evaluation of Culture and Climate Effects in the Virginia Department of Corrections Cognitive Communities,NIJ FY23 Research and Evaluation on Correctional Culture and Climate,RESEARCH TRIANGLE INSTITUTE,NC,15PNIJ-23-GG-06103-RESS,"$860,438",Open
2023,Evaluation of Target Enrichment for SNP Genotyping of Skeletal Remains,NIJ FY23 Research and Development in Forensic Science for Criminal Justice Purposes,"BODE CELLMARK FORENSICS, INC.",VA,15PNIJ-23-GG-04224-RESS,"$659,287",Open
2023,Evaluation of the California Human Trafficking Victim Assistance Grant Program,NIJ FY23 Research and Evaluation on Trafficking in Persons,RESEARCH TRIANGLE INSTITUTE,NC,15PNIJ-23-GG-01926-HT,"$799,859",Open
2023,Evaluation of the Luxon Ion Source for Rapid Screening in Forensic Laboratories,NIJ FY23 Research and Evaluation for the Testing and Interpretation of Physical Evidence in Publicly Funded Forensic Laboratories,RESEARCH TRIANGLE INSTITUTE,NC,15PNIJ-23-GG-01419-RESS,"$319,172",Open
2023,"Examining the Impacts of Body-Worn Cameras on Correctional Culture, Climate, and the Well-Being of Staff and Incarcerated Persons",NIJ FY23 Research and Evaluation on Correctional Culture and Climate,THE CNA CORPORATION,VA,15PNIJ-23-GG-06102-FSAX,"$874,312",Open
2023,Expanding Mental Health Diversion Opportunities: A Prospective Evaluation of the Los Angeles County Intake Booking Diversion Program,"NIJ FY 2023 Invited to Apply - Research and Evaluation in Safety, Health, and Wellness in the Criminal Justice System",JUSTICE INNOVATION INC.,NY,15PNIJ-23-AG-03563-RESS,"$754,209",Open
2023,Experimental and numerical investigations for the development and validation of thermo-chemistry models and property databases for selected wall lining materials under fire exposure,NIJ FY23 Research and Development in Forensic Science for Criminal Justice Purposes,EASTERN KENTUCKY UNIVERSITY,KY,15PNIJ-23-GG-04204-RESS,"$290,289",Open
2023,Exploring how survivor perspectives and priorities are reflected in the use and implementation of Extreme Risk Protective Orders to address intimate partner violence,NIJ FY23 Research and Evaluation on Firearms Violence and Mass Shootings,RESEARCH TRIANGLE INSTITUTE,NC,15PNIJ-23-GG-02404-BSCI,"$579,986",Open
2023,"Exploring Officer Patrol Behaviors Using Automated Vehicle Locator and Body-Worn Camera Data in Kansas City, Missouri","NIJ FY23 Research and Evaluation on Policing Practices, Accountability Mechanisms, and Alternatives",NORTHEASTERN UNIVERSITY,MA,15PNIJ-23-GG-05490-RESS,"$862,804",Open
2023,Exploring the Impact of Station Dog Programs on Agency Wellness and Community Relationships,"NIJ FY23 Research and Evaluation on Policing Practices, Accountability Mechanisms, and Alternatives",THE CNA CORPORATION,VA,15PNIJ-23-GG-05501-RESS,"$648,166",Open
2023,Extreme Risk Protection Orders in Washington State and their Impact on Firearm-Related Arrests and Convictions,NIJ FY23 Graduate Research Fellowship,UNIVERSITY OF WASHINGTON,WA,15PNIJ-23-GG-01935-NONF,"$166,500",Open
2023,"Extreme Risk Protection Orders, Leakage, and Social Networks: The Legislative, Behavioral, and Social Contexts Surrounding Mass Public Shooting Incidents and Plots",NIJ FY23 Research and Evaluation on Firearms Violence and Mass Shootings,UNIVERSITY OF MASSACHUSETTS LOWELL,MA,15PNIJ-23-GG-02408-BSCI,"$985,776",Open
2023,FIU - Forensic Technology Center of Excellence,,FLORIDA INTERNATIONAL UNIVERSITY,FL,15PNIJ-21-GK-02191-RESS,"$300,000",Open
2023,"Forensic Technology Center of Excellence, Fiscal Year 2021",,RESEARCH TRIANGLE INSTITUTE,NC,15PNIJ-21-GK-02192-MUMU,"$2,200,000",Open
2023,"Funding Support for the Operations of the Committee on Law and Justice of the National Academies of Sciences, Engineering, and Medicine","NIJ FY 2023 Invited to Apply – Funding Support for the Operations of the Committee on Law and Justice of the National Academies of Sciences, Engineering, and Medicine",NATIONAL ACADEMY OF SCIENCES,DC,15PNIJ-23-GG-03573-NIJB,"$250,000",Open
2023,Houston Police Department’s Domestic Abuse Response Team (D.A.R.T.): An Outcome Evaluation of an Innovative Approach to a Persistent Problem,NIJ FY23 Research and Evaluation of Services for Victims of Crime,RESEARCH TRIANGLE INSTITUTE,NC,15PNIJ-23-GG-01929-NONF,"$659,300",Open
2023,Impact of Relic DNA on Forensic Microbiome Applications in Criminal Investigations,NIJ FY23 Research and Development in Forensic Science for Criminal Justice Purposes,UNIVERSITY OF TENNESSEE,TN,15PNIJ-23-GG-04205-RESS,"$229,454",Open
2023,Implementation Evaluation of Hate Crime Task Forces,NIJ FY23 Research and Evaluation on Hate Crimes,THE URBAN INSTITUTE,DC,15PNIJ-23-GG-05489-HATE,"$995,936",Open
2023,"Implementation of NPS Discovery – An Early Warning Systems for Novel Drug Intelligence, Surveillance, Monitoring, Response, and Forecasting using Drug Materials and Toxicology Populations in the US",NIJ FY 2023 Invited to Apply - Funding to Support the Research and Development in Forensic Science for Criminal Justice Purposes Program,THE FREDRIC RIEDERS FAMILY RENAISSANCE FOUNDATION,PA,15PNIJ-22-GG-04434-MUMU,"$492,810",Past Project Period End Date
2023,Internal Affairs Complaint Investigations: A Multi-Site Comparison,"NIJ FY23 Research and Evaluation on Policing Practices, Accountability Mechanisms, and Alternatives",UNIVERSITY OF MASSACHUSETTS LOWELL,MA,15PNIJ-23-GG-05497-RESS,"$907,011",Open
2023,Life-course and Intergenerational Effects of Crime and Criminal Justice Involvement: Identifying Risks and the Search for Resilience,NIJ FY 2023 Invited to Apply - Longitudinal Research on Delinquency and Crime,FLORIDA STATE UNIVERSITY,FL,15PNIJ-23-AG-01491-MUMU,"$1,372,994",Open
2023,Losing Sleep and Losing Control: The Impact of Subjective and Objective Sleep on the Problem Behavior and Mental Health of Justice-Involved Young Adults,NIJ FY23 Graduate Research Fellowship,UNIVERSITY OF CALIFORNIA IRVINE,CA,15PNIJ-23-GG-01946-RESS,"$166,500",Open
2023,Mapping the Continuum of Support for Violent Extremism in the United States,NIJ FY23 Research and Evaluation on Domestic Radicalization and Violent Extremism,RESEARCH TRIANGLE INSTITUTE,NC,15PNIJ-23-GG-01383-DOMR,"$1,192,220",Open
2023,Measuring the Impact of Victim Services,,RESEARCH TRIANGLE INSTITUTE,NC,2019-MU-MU-K026,"$99,900",Past Project Period End Date
2023,Mechanics of Retinal Hemmorhage in Abusive Head Trauma,NIJ FY23 Research and Development in Forensic Science for Criminal Justice Purposes,UNIVERSITY OF UTAH,UT,15PNIJ-23-GG-04211-SLFO,"$604,409",Open
2023,Meeting National Safety Council Recommendations: Accurate Rapid Tests and Laboratory Confirmation Procedures for Fentanyl and Prevalent Opioids in Oral Fluid,NIJ FY23 Research and Development in Forensic Science for Criminal Justice Purposes,"9 DELTA ANALYTICAL, LLC",CA,15PNIJ-23-GG-04233-RESS,"$434,500",Past Project Period End Date
2023,"Meeting the Ongoing, Urgent, Unmet Needs of Uvalde Residents After the Robb Elementary School Shooting",NIJ FY 2023 Invited to Apply - University of Texas at Austin Developing More Effective Services and Programs for Victims of Mass Shootings,UNIVERSITY OF TEXAS AT AUSTIN,TX,15PNIJ-23-GG-04105-AERX,"$1,000,000",Open
2023,Mental Health in the Criminal Justice System-The Effect of Mandating Treatment for Convicted Individuals,NIJ FY23 Graduate Research Fellowship,"UNIVERSITY OF MARYLAND, COLLEGE PARK",MD,15PNIJ-23-GG-01942-RESS,"$25,655",Closed
2023,Military Sexual Trauma Experiences of Female Veterans in Michigan,NIJ FY23 Graduate Research Fellowship,MICHIGAN STATE UNIVERSITY,MI,15PNIJ-23-GG-01953-NONF,"$116,692",Open
2023,Mitigating demographic bias in forensic speaker identification,NIJ FY23 Research and Development in Forensic Science for Criminal Justice Purposes,SRI INTERNATIONAL,CA,15PNIJ-23-GG-04220-RESS,"$553,851",Open
2023,Nanoparticle-Decorated Micropillars As Integrated Raman Spectroscopy and Mass Spectrometry Substrates for Quantitative and High-Throughput Toxicology Drug Analysis,NIJ FY23 Research and Development in Forensic Science for Criminal Justice Purposes,TRUSTEES OF INDIANA UNIVERSITY,IN,15PNIJ-23-GG-04235-RESS,"$199,676",Open
2023,Networks and Pathways of Violent Extremism: Effectiveness of Dis/Misinformation Campaigns,NIJ FY23 Research and Evaluation on Domestic Radicalization and Violent Extremism,CLEMSON UNIVERSITY,SC,15PNIJ-23-GG-01381-DOMR,"$953,203",Open
2023,New Age Therapeutics: Development and Validation of an Analytical Workflow for the Analysis of Psychedelics in Biological Matrices,NIJ FY23 Research and Evaluation for the Testing and Interpretation of Physical Evidence in Publicly Funded Forensic Laboratories,COMMONWEALTH OF VIRGINIA DEPARTMENT OF FORENSIC SCIENCE,VA,15PNIJ-23-GG-01426-RESS,"$441,886",Open
2023,Next Generation Emergency Networks,NIJ FY23 Graduate Research Fellowship,VIRGINIA POLYTECHNIC INSTITUTE & STATE UNIVERSITY,VA,15PNIJ-23-GG-01949-RESS,"$166,500",Open
2023,NIJ co-sponsorship of the Center for Advanced Research in Forensic Science (CARFS),"NIJ Non-solicited Applications, FY 2023",National Science Foundation,,GOJPNIJ23000040,"$600,000",Open
2023,NIJ Community Violence Intervention Research and Evaluation Training and Technical Assistance (TTA) Center,"NIJ FY23 Community-Based Violence Intervention and Prevention Initiative (CVIPI) Research, Evaluation, and Associated Training & Technical Assistance Support",THE URBAN INSTITUTE,DC,15PNIJ-23-GG-04264-CVIP,"$5,000,000",Open
2023,NIJ FY23 National Study Examining Interpersonal Violence Experienced By Young Adults,NIJ FY23 National Study Examining Interpersonal Violence Experienced By Young Adults,"WESTAT, INC.",MD,15PNIJ-23-GK-02236-MUMU,"$1,000,000",Open
2023,NIJ Innovations in Measuring Community Perceptions Challenge Winner: Albrecht & Smirnova,Innovations in Measuring Community Perceptions Challenge,Albrecht & Smirnova,,2023-community-perceptions-0007,"$10,000",Closed
2023,NIJ Innovations in Measuring Community Perceptions Challenge Winner: Community PoliSense,Innovations in Measuring Community Perceptions Challenge,Community PoliSense,,2023-community-perceptions-0006,"$25,000",Closed
2023,NIJ Innovations in Measuring Community Perceptions Challenge Winner: Duddon Research,Innovations in Measuring Community Perceptions Challenge,Duddon Research,,2023-community-perceptions-0011,"$5,000",Closed
2023,NIJ Innovations in Measuring Community Perceptions Challenge Winner: Johnston & Company,Innovations in Measuring Community Perceptions Challenge,Johnston & Company,,2023-community-perceptions-0003,"$5,000",Closed
2023,NIJ Innovations in Measuring Community Perceptions Challenge Winner: Just Police,Innovations in Measuring Community Perceptions Challenge,Just Police,,2023-community-perceptions-0004,"$2,500",Closed
2023,NIJ Innovations in Measuring Community Perceptions Challenge Winner: MCHawks,Innovations in Measuring Community Perceptions Challenge,MCHawks,,2023-community-perceptions-0001,"$25,000",Closed
2023,NIJ Innovations in Measuring Community Perceptions Challenge Winner: Michelle Masters,Innovations in Measuring Community Perceptions Challenge,Michelle Masters,,2023-community-perceptions-0009,"$2,500",Closed
2023,NIJ Innovations in Measuring Community Perceptions Challenge Winner: Micro-Community Policing Plans,Innovations in Measuring Community Perceptions Challenge,Micro-Community Policing Plans,,2023-community-perceptions-0002,"$10,000",Closed
2023,NIJ Innovations in Measuring Community Perceptions Challenge Winner: Mood mappers,Innovations in Measuring Community Perceptions Challenge,Mood mappers,,2023-community-perceptions-0012,"$5,000",Closed
2023,NIJ Innovations in Measuring Community Perceptions Challenge Winner: Policing Accountability and Policy Evaluation Research Lab,Innovations in Measuring Community Perceptions Challenge,Policing Accountability and Policy Evaluation Research Lab,,2023-community-perceptions-0005,"$2,500",Closed
2023,NIJ Innovations in Measuring Community Perceptions Challenge Winner: ScienceCast,Innovations in Measuring Community Perceptions Challenge,ScienceCast,,2023-community-perceptions-0008,"$5,000",Closed
2023,NIJ Innovations in Measuring Community Perceptions Challenge Winner: The Eagles,Innovations in Measuring Community Perceptions Challenge,The Eagles,,2023-community-perceptions-0010,"$5,000",Closed
2023,NIJ LEADS,NIJ FY23 Support for the Law Enforcement Advancing Data and Science Scholars Program,NATIONAL POLICING INSTITUTE,VA,15PNIJ-23-GK-04221-NIJB,"$1,000,000",Open
2023,NIJ Multisite Impact and Cost-Efficiency Evaluation of Veterans Treatment Courts,,AMERICAN UNIVERSITY,DC,15PNIJ-22-GK-00035-VTCX,"$1,500,000",Open
2023,Ontogenetic Study of the Pelvis Through Examination of Interlandmark Distances and Geometric Morphometric Analyses: Implications for Subadult Sex and Age Estimation,NIJ FY23 Graduate Research Fellowship,BOARD OF REGENTS OF THE NEVADA SYSTEM OF HIGHER ED,NV,15PNIJ-23-GG-01940-RESS,"$111,000",Open
2023,Operationalizing the Individual versus Group Fairness Dichotomy for Recidivism Risk Assessment: US Legal Challenges and Technical Proposals,NIJ FY23 Graduate Research Fellowship,"UNIVERSITY OF MARYLAND, COLLEGE PARK",MD,15PNIJ-23-GG-01932-RESS,"$166,500",Open
2023,Optimizing Analytical Parameters for Detection of Chronic and Single Dose Drug Exposure in Forensic Hair Analysis,NIJ FY23 Research and Development in Forensic Science for Criminal Justice Purposes,FLORIDA INTERNATIONAL UNIVERSITY,FL,15PNIJ-23-GG-04208-MUMU,"$431,892",Open
2023,Optimizing New STRs for Enhanced DNA Mixture Deconvolution,NIJ FY23 Research and Development in Forensic Science for Criminal Justice Purposes,THE UNIVERSITY OF NORTH TEXAS HEALTH SCIENCE CENTER AT FORT WORTH,TX,15PNIJ-23-GG-04214-RESS,"$513,529",Open
2023,Pathways to Resilience: Assessing the Impact of Juvenile Justice Reforms in Oklahoma,NIJ FY23 Research on Juvenile Justice Topics,AMERICAN INSTITUTES FOR RESEARCH IN THE BEHAVIORAL SCIENCES,VA,15PNIJ-23-GG-02409-TITL,"$1,095,972",Open
2023,Pivoting Headspace Ethanol Analysis to Accommodate Modern Day Scenarios,NIJ FY23 Research and Evaluation for the Testing and Interpretation of Physical Evidence in Publicly Funded Forensic Laboratories,COMMONWEALTH OF VIRGINIA DEPARTMENT OF FORENSIC SCIENCE,VA,15PNIJ-23-GG-01424-MUMU,"$371,593",Open
2023,Police Supervision Redux: Examining Police Supervision in the 21st Century,"NIJ FY23 Research and Evaluation on Policing Practices, Accountability Mechanisms, and Alternatives",NATIONAL POLICING INSTITUTE,VA,15PNIJ-23-GG-05488-RESS,"$1,000,000",Open
2023,Policing Leadership and Accountability: Harnessing Big Data and Causal Inference for Evaluating Police Reform Practices,"NIJ FY23 Research and Evaluation on Policing Practices, Accountability Mechanisms, and Alternatives",UNIVERSITY OF UTAH,UT,15PNIJ-23-GG-05487-RESS,"$972,083",Open
2023,Positive Adolescent Interpersonal Relationships (PAIR): A Community-Based STRiV Study,NIJ FY23 Research  and Evaluation on Violence Against Women,NATIONAL OPINION RESEARCH CENTER,IL,15PNIJ-23-GG-01380-REVA,"$1,996,357",Open
2023,Pretrial Policy Change and Place: Evaluating the Impacts of Maryland's Bail Reform on Crime and Pretrial Outcomes across Courts,NIJ FY23 Graduate Research Fellowship,UNIVERSITY OF CALIFORNIA IRVINE,CA,15PNIJ-23-GG-01931-RESS,"$55,500",Open
2023,PRISONERS ON THE MOVE: EXAMINING THE NATURE AND EFFECTS OF PRISON TRANSIENCY ON INCARCERATED INDIVIDUALS,NIJ FY23 Graduate Research Fellowship,CINCINNATI UNIV OF,OH,15PNIJ-23-GG-01936-RESS,"$105,000",Open
2023,Procedural Justice in Jails,NIJ FY23 Research and Evaluation on Correctional Culture and Climate,THE CNA CORPORATION,VA,15PNIJ-23-GG-06105-MUMU,"$894,789",Open
2023,Quantification of psychotropic cannabinoids in newly emerging hemp-derived products and evaluation of their stability and interconversion during storage,NIJ FY23 Research and Development in Forensic Science for Criminal Justice Purposes,WESTERN ILLINOIS UNIVERSITY,IL,15PNIJ-23-GG-04234-RESS,"$251,505",Open
2023,Quantifying the accuracy of low quality DNA sample analysis from genotyping to genealogical searching and integration as a bioinformatic pipeline,NIJ FY 2023 Invited to Apply - Funding to Support the Research and Development in Forensic Science for Criminal Justice Purposes Program,UNIVERSITY OF OREGON,OR,15PNIJ-23-AG-04262-DNAX,"$266,406",Open
2023,Quantifying the strength of support in fingerprint casework comparisons,NIJ FY23 Research and Development in Forensic Science for Criminal Justice Purposes,TRUSTEES OF INDIANA UNIVERSITY,IN,15PNIJ-23-GG-04227-SLFO,"$609,185",Open
2023,"Quantitative and visual prediction of eye, hair and skin color from DNA",NIJ FY23 Research and Development in Forensic Science for Criminal Justice Purposes,TRUSTEES OF INDIANA UNIVERSITY,IN,15PNIJ-23-GG-04206-RESS,"$980,527",Open
2023,Quantitative Assessment of Fracture Characteristics in Blunt Force Skeletal Trauma for Forensic Interpretations,NIJ FY23 Research and Development in Forensic Science for Criminal Justice Purposes,"OHIO STATE UNIVERSITY, THE",OH,15PNIJ-23-GG-04219-SLFO,"$818,054",Open
2023,Rapid screening and identification of fentanyl in drug mixtures using surface enhanced Raman spectroscopy,NIJ FY23 Research and Development in Forensic Science for Criminal Justice Purposes,FLORIDA INTERNATIONAL UNIVERSITY,FL,15PNIJ-23-GG-04230-RESS,"$190,662",Open
2023,Recovery and Analysis of Less Volatile Components for the Identification of Ignitable Liquid Residues in Fire Debris - Continuation of current NIJ-funded project (2020-DQ-BX-0003),NIJ FY23 Research and Development in Forensic Science for Criminal Justice Purposes,MIDDLE TENNESSEE STATE UNIVERSITY,TN,15PNIJ-23-GG-04223-RESS,"$99,818",Open
